date,pe_ratio
1871-01-01,11.1
1871-02-01,11.25
1871-03-01,11.525
1871-04-01,11.85
1871-05-01,12.15
1871-06-01,12.05
1871-07-01,11.825
1871-08-01,11.975
1871-09-01,12.1
1871-10-01,11.475
1871-11-01,11.6
1871-12-01,11.85
1872-01-01,12.07453416
1872-02-01,12.04938272
1872-03-01,12.36809816
1872-04-01,12.63414634
1872-05-01,12.55757576
1872-06-01,12.36144578
1872-07-01,12.21556886
1872-08-01,12
1872-09-01,11.71597633
1872-10-01,11.69411765
1872-11-01,11.57894737
1872-12-01,11.79069767
1873-01-01,11.8150289
1873-02-01,11.83908046
1873-03-01,11.68
1873-04-01,11.45454545
1873-05-01,11.41242938
1873-06-01,11.19101124
1873-07-01,11.10614525
1873-08-01,11.04444444
1873-09-01,10.14364641
1873-10-01,9.208791209
1873-11-01,8.830601093
1873-12-01,9.608695652
1874-01-01,10.13043478
1874-02-01,10.43478261
1874-03-01,10.2826087
1874-04-01,10
1874-05-01,9.739130435
1874-06-01,9.695652174
1874-07-01,9.695652174
1874-08-01,9.717391304
1874-09-01,9.869565217
1874-10-01,9.847826087
1874-11-01,9.934782609
1874-12-01,9.869565217
1875-01-01,10.05091875
1875-02-01,10.21881344
1875-03-01,10.55172414
1875-04-01,10.89758613
1875-05-01,10.68611045
1875-06-01,10.68292683
1875-07-01,10.92855365
1875-08-01,11.21281465
1875-09-01,11.35064935
1875-10-01,11.41491903
1875-11-01,11.86532718
1875-12-01,12.13888889
1876-01-01,12.62383244
1876-02-01,13.03720796
1876-03-01,13.26470588
1876-04-01,13.02130213
1876-05-01,12.79461279
1876-06-01,12.96875
1876-07-01,13.08649856
1876-08-01,12.81382458
1876-09-01,12.3
1876-10-01,12.51278554
1876-11-01,12.55667946
1876-12-01,12.78571429
1877-01-01,12.60205893
1877-02-01,11.78962231
1877-03-01,11.12280702
1877-04-01,10.25462156
1877-05-01,10.19771072
1877-06-01,9.413793103
1877-07-01,9.770311964
1877-08-01,10.39890897
1877-09-01,10.98305085
1877-10-01,11.15604988
1877-11-01,10.92859537
1877-12-01,10.83333333
1878-01-01,10.80452128
1878-02-01,10.54027179
1878-03-01,10.7107438
1878-04-01,10.97922849
1878-05-01,10.97961867
1878-06-01,11.18032787
1878-07-01,11.37998692
1878-08-01,11.24877731
1878-09-01,11.44715447
1878-10-01,11.28770678
1878-11-01,11.2225097
1878-12-01,11.12903226
1879-01-01,11.33628879
1879-02-01,11.53248368
1879-03-01,11.14503817
1879-04-01,11.31113111
1879-05-01,11.61556604
1879-06-01,11.47826087
1879-07-01,11.51653364
1879-08-01,11.41014858
1879-09-01,11.64137931
1879-10-01,12.70703231
1879-11-01,13.17477285
1879-12-01,12.94736842
1880-01-01,13.1294964
1880-02-01,13.05548581
1880-03-01,13.00613497
1880-04-01,12.43100552
1880-05-01,11.20244246
1880-06-01,11.01149425
1880-07-01,11.27870329
1880-08-01,11.44937128
1880-09-01,11.2
1880-10-01,11.2995548
1880-11-01,11.66805324
1880-12-01,11.91836735
1881-01-01,12.74186908
1881-02-01,12.80880216
1881-03-01,13.06806283
1881-04-01,13.14177055
1881-05-01,13.85336743
1881-06-01,14.15053763
1881-07-01,13.78038194
1881-08-01,13.57565141
1881-09-01,13.8121547
1881-10-01,13.71849208
1881-11-01,13.93516434
1881-12-01,13.65909091
1882-01-01,13.47905282
1882-02-01,13.21013005
1882-03-01,13.21142857
1882-04-01,13.23563087
1882-05-01,13.10234052
1882-06-01,13.05747126
1882-07-01,13.81851681
1882-08-01,14.26263559
1882-09-01,14.42774566
1882-10-01,14.06069029
1882-11-01,13.48653668
1882-12-01,13.58139535
1883-01-01,13.59064327
1883-02-01,13.36470588
1883-03-01,13.60946746
1883-04-01,13.97619048
1883-05-01,13.82035928
1883-06-01,14.02409639
1883-07-01,13.89090909
1883-08-01,13.34146341
1883-09-01,13.57055215
1883-10-01,13.28395062
1883-11-01,13.56521739
1883-12-01,13.35
1884-01-01,13.19745223
1884-02-01,13.81818182
1884-03-01,14.0397351
1884-04-01,13.67567568
1884-05-01,12.82758621
1884-06-01,12.56338028
1884-07-01,12.83453237
1884-08-01,13.94117647
1884-09-01,13.80451128
1884-10-01,13.66153846
1884-11-01,13.7007874
1884-12-01,14
1885-01-01,13.82458428
1885-02-01,14.40817672
1885-03-01,14.6
1885-04-01,14.72868217
1885-05-01,14.72894647
1885-06-01,14.82758621
1885-07-01,15.55633066
1885-08-01,16.62548535
1885-09-01,16.60714286
1885-10-01,17.78099024
1885-11-01,19.17306989
1885-12-01,19.25925926
1886-01-01,18.90909091
1886-02-01,18.92857143
1886-03-01,18.21052632
1886-04-01,17.65517241
1886-05-01,17.01694915
1886-06-01,17.5
1886-07-01,17.47540984
1886-08-01,17.32258065
1886-09-01,17.49206349
1886-10-01,17.65625
1886-11-01,17.81538462
1886-12-01,17.09090909
1887-01-01,16.78195489
1887-02-01,16.53731343
1887-03-01,16.8
1887-04-01,17.05882353
1887-05-01,17.22627737
1887-06-01,16.60869565
1887-07-01,16.08633094
1887-08-01,15.57142857
1887-09-01,15.26241135
1887-10-01,14.64788732
1887-11-01,14.82517483
1887-12-01,14.63888889
1888-01-01,15.09809497
1888-02-01,15.38013399
1888-03-01,15.1641791
1888-04-01,15.61065197
1888-05-01,16.24253849
1888-06-01,16.16129032
1888-07-01,17.03679151
1888-08-01,17.89976134
1888-09-01,18.87719298
1888-10-01,19.33501988
1888-11-01,19.53037644
1888-12-01,19.76923077
1889-01-01,19.90125332
1889-02-01,19.87251594
1889-03-01,19.22222222
1889-04-01,18.95353092
1889-05-01,19.2265992
1889-06-01,19.32142857
1889-07-01,18.7080833
1889-08-01,18.73038019
1889-09-01,18.96551724
1889-10-01,18.41118309
1889-11-01,18.03168183
1889-12-01,17.73333333
1890-01-01,17.98128342
1890-02-01,17.8343949
1890-03-01,17.74789916
1890-04-01,18.16649815
1890-05-01,18.99932387
1890-06-01,18.91525424
1890-07-01,18.8307274
1890-08-01,18.44527787
1890-09-01,18.18803419
1890-10-01,17.41515255
1890-11-01,16.19669876
1890-12-01,15.86206897
1891-01-01,16.45139361
1891-02-01,16.42641636
1891-03-01,15.90082645
1891-04-01,16.20476035
1891-05-01,15.92664093
1891-06-01,15.3968254
1891-07-01,14.94360902
1891-08-01,15.24899474
1891-09-01,16.27480916
1891-10-01,16.06873681
1891-11-01,15.63430613
1891-12-01,15.91176471
1892-01-01,16.08759124
1892-02-01,16
1892-03-01,16.05755396
1892-04-01,15.91428571
1892-05-01,15.80141844
1892-06-01,15.6056338
1892-07-01,15.4965035
1892-08-01,15.61111111
1892-09-01,15.11724138
1892-10-01,15.31506849
1892-11-01,15.15646259
1892-12-01,14.89189189
1893-01-01,15.54878049
1893-02-01,15.66676144
1893-03-01,15.50364964
1893-04-01,15.93159316
1893-05-01,14.92905614
1893-06-01,14.63492063
1893-07-01,13.66906475
1893-08-01,13.7512639
1893-09-01,15.2
1893-10-01,16.16960115
1893-11-01,16.97622585
1893-12-01,16.96153846
1894-01-01,17.16328963
1894-02-01,18.00246609
1894-03-01,19.19148936
1894-04-01,20.15880018
1894-05-01,20.15574897
1894-06-01,20.66666667
1894-07-01,21.07089737
1894-08-01,22.81427832
1894-09-01,24.21621622
1894-10-01,24.56140351
1894-11-01,25.78728461
1894-12-01,26.875
1895-01-01,25.37313433
1895-02-01,23.94285714
1895-03-01,22.95890411
1895-04-01,23
1895-05-01,23.34177215
1895-06-01,22.92682927
1895-07-01,22.21176471
1895-08-01,21.77272727
1895-09-01,21.18681319
1895-10-01,20.21276596
1895-11-01,18.92783505
1895-12-01,17.28
1896-01-01,17.30847183
1896-02-01,18.29017674
1896-03-01,18.25
1896-04-01,18.67342628
1896-05-01,18.85983712
1896-06-01,18.7826087
1896-07-01,17.82090869
1896-08-01,17.0622481
1896-09-01,18.22727273
1896-10-01,18.92016613
1896-11-01,20.53445851
1896-12-01,20.0952381
1897-01-01,19.3311956
1897-02-01,18.43846493
1897-03-01,17.82978723
1897-04-01,16.68721743
1897-05-01,16.20977354
1897-06-01,16.42307692
1897-07-01,16.623183
1897-08-01,17.16660643
1897-09-01,17.47368421
1897-10-01,16.43368565
1897-11-01,15.41266158
1897-12-01,15.32258065
1898-01-01,15.57612512
1898-02-01,15.3773287
1898-03-01,14.53125
1898-04-01,14.13547788
1898-05-01,14.90664218
1898-06-01,15.33333333
1898-07-01,15.24152415
1898-08-01,15.65191565
1898-09-01,15.47058824
1898-10-01,15.00145645
1898-11-01,15.3446784
1898-12-01,16.14285714
1899-01-01,16.85144124
1899-02-01,16.97605596
1899-03-01,16.73202614
1899-04-01,16.47597254
1899-05-01,15.36368135
1899-06-01,14.62650602
1899-07-01,14.74870831
1899-08-01,14.74696588
1899-09-01,14.23463687
1899-10-01,13.83373336
1899-11-01,13.76811594
1899-12-01,12.54166667
01/01/1900,12.70833333
01/02/1900,12.9375
01/03/1900,13.04166667
01/04/1900,13.20833333
01/05/1900,12.58333333
01/06/1900,12.20833333
01/07/1900,12.20833333
01/08/1900,12.375
01/09/1900,12.08333333
01/10/1900,12.52083333
01/11/1900,13.5
01/12/1900,14.3125
01/01/1901,14.67718497
01/02/1901,15.00103455
01/03/1901,15.48453608
01/04/1901,16.72488186
01/05/1901,15.83043211
01/06/1901,17.34693878
01/07/1901,16.12772015
01/08/1901,16.29839854
01/09/1901,16.16161616
01/10/1901,15.9251057
01/11/1901,16.21513145
01/12/1901,15.9
01/01/1902,15.89663273
01/02/1902,15.6986774
01/03/1902,15.39906103
01/04/1902,15.60831953
01/05/1902,15.2652472
01/06/1902,14.88495575
01/07/1902,14.93574158
01/08/1902,15.05028123
01/09/1902,14.81171548
01/10/1902,14.0884432
01/11/1902,13.30749354
01/12/1902,12.77777778
01/01/1903,13.60784945
01/02/1903,13.71270178
01/03/1903,13.3553719
01/04/1903,12.98810122
01/05/1903,12.91857896
01/06/1903,12.37931034
01/07/1903,11.98180864
01/08/1903,11.76992721
01/09/1903,11.65765766
01/10/1903,11.45052131
01/11/1903,11.66635705
01/12/1903,12.39622642
01/01/1904,12.6827416
01/02/1904,12.42117332
01/03/1904,12.46153846
01/04/1904,12.85078382
01/05/1904,12.66315995
01/06/1904,12.76470588
01/07/1904,13.38069864
01/08/1904,13.92807471
01/09/1904,14.64
01/10/1904,15.60297967
01/11/1904,16.56192986
01/12/1904,16.83673469
01/01/1905,16.69306931
01/02/1905,16.92307692
01/03/1905,16.91588785
01/04/1905,16.25454545
01/05/1905,15.04424779
01/06/1905,14.82758621
01/07/1905,14.90756303
01/08/1905,15.08196721
01/09/1905,14.768
01/10/1905,14.625
01/11/1905,14.21374046
01/12/1905,14.23880597
01/01/1906,14.56826568
01/02/1906,14.30656934
01/03/1906,13.80505415
01/04/1906,13.47142857
01/05/1906,12.97526502
01/06/1906,13.00699301
01/07/1906,12.53979239
01/08/1906,13.32876712
01/09/1906,13.6
01/10/1906,13.06040268
01/11/1906,13.19601329
01/12/1906,12.94736842
01/01/1907,12.71783956
01/02/1907,12.45795776
01/03/1907,11.36054422
01/04/1907,11.54534196
01/05/1907,11.27662537
01/06/1907,11.04225352
01/07/1907,11.60039903
01/08/1907,10.86109909
01/09/1907,10.87591241
01/10/1907,9.812324516
01/11/1907,9.352087386
01/12/1907,9.954545455
01/01/1908,10.48522884
01/02/1908,10.2056595
01/03/1908,10.734375
01/04/1908,11.43218064
01/05/1908,12.17488431
01/06/1908,12.32258065
01/07/1908,12.91374531
01/08/1908,13.61463656
01/09/1908,13.61666667
01/10/1908,13.93898534
01/11/1908,15.05028123
01/12/1908,15.56896552
01/01/1909,15.22689076
01/02/1909,14.42622951
01/03/1909,14.272
01/04/1909,14.5625
01/05/1909,14.70229008
01/06/1909,14.62686567
01/07/1909,14.51094891
01/08/1909,14.54285714
01/09/1909,14.25174825
01/10/1909,14.01369863
01/11/1909,13.66442953
01/12/1909,13.55263158
01/01/1910,13.30693069
01/02/1910,12.87417219
01/03/1910,13.2358804
01/04/1910,12.96
01/05/1910,12.78929766
01/06/1910,12.2147651
01/07/1910,11.63636364
01/08/1910,11.95945946
01/09/1910,12.08135593
01/10/1910,12.68027211
01/11/1910,12.70989761
01/12/1910,12.39726027
01/01/1911,12.90547125
01/02/1911,13.3437102
01/03/1911,13.41007194
01/04/1911,13.5811503
01/05/1911,14.1134435
01/06/1911,14.65151515
01/07/1911,14.85423415
01/08/1911,14.40238731
01/09/1911,13.872
01/10/1911,14.21816403
01/11/1911,15.07395712
01/12/1911,15.44067797
01/01/1912,15.22029372
01/02/1912,14.86108828
01/03/1912,15.06072874
01/04/1912,15.30237753
01/05/1912,15.06763133
01/06/1912,14.85271318
01/07/1912,14.65912565
01/08/1912,14.78968792
01/09/1912,14.66171004
01/10/1912,14.43450198
01/11/1912,14.0851187
01/12/1912,13.4
01/01/1913,13.39671564
01/02/1913,13.03210809
01/03/1913,12.89377289
01/04/1913,12.98950791
01/05/1913,12.74597496
01/06/1913,12.21052632
01/07/1913,12.4848301
01/08/1913,12.93433338
01/09/1913,13.17374517
01/10/1913,12.87205859
01/11/1913,12.66121422
01/12/1913,12.76190476
01/01/1914,13.48260309
01/02/1914,13.86300474
01/03/1914,13.80912863
01/04/1914,13.68616214
01/05/1914,13.98493667
01/06/1914,14.13913043
01/07/1914,13.57370095
01/08/1914,13.7955811
01/09/1914,14.02739726
01/10/1914,14.26713728
01/11/1914,14.51247166
01/12/1914,14.13461538
01/01/1915,13.6
01/02/1915,12.72413793
01/03/1915,12.40983607
01/04/1915,12.71875
01/05/1915,11.86567164
01/06/1915,11.48571429
01/07/1915,10.97260274
01/08/1915,10.98684211
01/09/1915,10.96202532
01/10/1915,11.14634146
01/11/1915,11.12941176
01/12/1915,10.77272727
01/01/1916,9.987154785
01/02/1916,9.308914297
01/03/1916,8.800383877
01/04/1916,8.268003646
01/05/1916,8.053866203
01/06/1916,7.767634855
01/07/1916,7.33121525
01/08/1916,7.083015994
01/09/1916,7.076023392
01/10/1916,7.018284107
01/11/1916,6.917344173
01/12/1916,6.405228758
01/01/1917,6.34194831
01/02/1917,6.068548387
01/03/1917,6.341961853
01/04/1917,6.337249482
01/05/1917,6.213183731
01/06/1917,6.434163701
01/07/1917,6.351156069
01/08/1917,6.258253852
01/09/1917,6.046165302
01/10/1917,5.809379728
01/11/1917,5.411222137
01/12/1917,5.3125
01/01/1918,5.74044586
01/02/1918,6.030844156
01/03/1918,6.026490066
01/04/1918,6.094674556
01/05/1918,6.419327006
01/06/1918,6.563876652
01/07/1918,6.759675968
01/08/1918,6.973321067
01/09/1918,7.093132643
01/10/1918,7.572254335
01/11/1918,7.948717949
01/12/1918,7.97979798
01/01/1919,7.969543147
01/02/1919,8.040816327
01/03/1919,8.328205128
01/04/1919,8.649484536
01/05/1919,9.295336788
01/06/1919,9.59375
01/07/1919,9.958115183
01/08/1919,9.336842105
01/09/1919,9.534391534
01/10/1919,10.07446809
01/11/1919,9.828877005
01/12/1919,9.591397849
01/01/1920,9.606179286
01/02/1920,8.91775845
01/03/1920,9.660167131
01/04/1920,9.698883501
01/05/1920,9.203014387
01/06/1920,9.156069364
01/07/1920,9.260126434
01/08/1920,9.012213921
01/09/1920,9.453453453
01/10/1920,9.58987465
01/11/1920,9.225456339
01/12/1920,8.5125
01/01/1921,9.386138614
01/02/1921,9.874125874
01/03/1921,10.23048327
01/04/1921,10.96825397
01/05/1921,12.11914894
01/06/1921,12.01834862
01/07/1921,12.99502488
01/08/1921,14.02173913
01/09/1921,15.83233533
01/10/1921,17.86666667
01/11/1921,21.23308271
01/12/1921,25.20689655
01/01/1922,22.57964739
01/02/1922,20.91393328
01/03/1922,19.84615385
01/04/1922,19.39522797
01/05/1922,18.6774688
01/06/1922,17.24489796
01/07/1922,16.2621823
01/08/1922,15.86132567
01/09/1922,15.3559322
01/10/1922,14.85640943
01/11/1922,13.40033501
01/12/1922,12.72463768
01/01/1923,12.46149538
01/02/1923,12.56941623
01/03/1923,12.36721311
01/04/1923,11.56730647
01/05/1923,10.69314258
01/06/1923,9.988023952
01/07/1923,9.380819367
01/08/1923,9.170157364
01/09/1923,8.980716253
01/10/1923,8.618654073
01/11/1923,8.652437748
01/12/1923,8.724489796
01/01/1924,9.048985448
01/02/1924,9.12833179
01/03/1924,8.992248062
01/04/1924,8.823834735
01/05/1924,8.830275229
01/06/1924,9.036649215
01/07/1924,9.497265461
01/08/1924,9.865849794
01/09/1924,9.814323607
01/10/1924,9.730363423
01/11/1924,10.31898951
01/12/1924,10.92473118
01/01/1925,11.05884812
01/02/1925,10.8512153
01/03/1925,10.28712871
01/04/1925,9.913211186
01/05/1925,9.981185325
01/06/1925,9.908256881
01/07/1925,9.93733214
01/08/1925,9.842519685
01/09/1925,9.837606838
01/10/1925,9.933166249
01/11/1925,10.02452984
01/12/1925,9.968
01/01/1926,10.12810248
01/02/1926,10.15224359
01/03/1926,9.463141026
01/04/1926,9.206094627
01/05/1926,9.277688604
01/06/1926,9.726907631
01/07/1926,10.14469453
01/08/1926,10.55510861
01/09/1926,10.72463768
01/10/1926,10.48309179
01/11/1926,10.62852538
01/12/1926,10.87903226
01/01/1927,10.90317331
01/02/1927,11.21510673
01/03/1927,11.48178808
01/04/1927,11.87134503
01/05/1927,12.39460371
01/06/1927,12.67234043
01/07/1927,13.07560137
01/08/1927,13.9028621
01/09/1927,14.82064742
01/10/1927,14.73498233
01/11/1927,15.21855486
01/12/1927,15.72972973
01/01/1928,15.47219771
01/02/1928,14.995671
01/03/1928,15.50552251
01/04/1928,16.16666667
01/05/1928,16.36661211
01/06/1928,15.27710843
01/07/1928,15.11041009
01/08/1928,15.33333333
01/09/1928,16.13567073
01/10/1928,16.17977528
01/11/1928,16.99336772
01/12/1928,16.77536232
01/01/1929,17.7698356
01/02/1929,17.62341326
01/03/1929,17.68428373
01/04/1929,17.35072066
01/05/1929,17.38482385
01/06/1929,17.4916388
01/07/1929,18.81109643
01/08/1929,19.6347032
01/09/1929,20.16752577
01/10/1929,17.80534351
01/11/1929,12.93526084
01/12/1929,13.29192547
01/01/1930,13.94348105
01/02/1930,15.3493014
01/03/1930,16.51034483
01/04/1930,18.22476736
01/05/1930,17.82576322
01/06/1930,16.68217054
01/07/1930,17.02506063
01/08/1930,17.5739645
01/09/1930,18.38938053
01/10/1930,16.63881151
01/11/1930,16.24633431
01/12/1930,15.98969072
01/01/1931,17
01/02/1931,18.9010989
01/03/1931,19.92045455
01/04/1931,18.65882353
01/05/1931,17.47560976
01/06/1931,17.55696203
01/07/1931,18.85526316
01/08/1931,19.04109589
01/09/1931,16.9
01/10/1931,15.29850746
01/11/1931,16.234375
01/12/1931,13.83606557
01/01/1932,13.98954997
01/02/1932,14.2708514
01/03/1932,14.75
01/04/1932,11.55899135
01/05/1932,10.4613632
01/06/1932,9.352941176
01/07/1932,10.15609163
01/08/1932,15.79609817
01/09/1932,17.95652174
01/10/1932,16.061358
01/11/1932,16.52214671
01/12/1932,16.63414634
01/01/1933,17.18787879
01/02/1933,15.06024096
01/03/1933,14.92215569
01/04/1933,16.4047619
01/05/1933,20.99408284
01/06/1933,24.44705882
01/07/1933,26.26900585
01/08/1933,24.81395349
01/09/1933,24.46242775
01/10/1933,21.95402299
01/11/1933,22.35428571
01/12/1933,22.65909091
01/01/1934,23.72805043
01/02/1934,25.25094803
01/03/1934,23.73480663
01/04/1934,23.91066346
01/05/1934,21.2890625
01/06/1934,21.37634409
01/07/1934,20.18329071
01/08/1934,19.22670611
01/09/1934,18.59685864
01/10/1934,18.58002906
01/11/1934,18.9378345
01/12/1934,18.89795918
01/01/1935,16.24561404
01/02/1935,13.81538462
01/03/1935,11.52054795
01/04/1935,11.9471313
01/05/1935,12.44681381
01/06/1935,12.49382716
01/07/1935,13.42437539
01/08/1935,14.6394787
01/09/1935,15.27631579
01/10/1935,15.68421053
01/11/1935,17.15789474
01/12/1935,17.15789474
01/01/1936,17.87012987
01/02/1936,18.65384615
01/03/1936,18.81012658
01/04/1936,18.14634146
01/05/1936,16.57647059
01/06/1936,16.69318182
01/07/1936,17.28888889
01/08/1936,17.25
01/09/1936,17.07446809
01/10/1936,17.47240777
01/11/1936,17.47651593
01/12/1936,16.7254902
01/01/1937,16.75238095
01/02/1937,16.76851852
01/03/1937,16.2972973
01/04/1937,15.05309735
01/05/1937,14.13043478
01/06/1937,13.36752137
01/07/1937,13.96344392
01/08/1937,13.91139588
01/09/1937,11.77868852
01/10/1937,10.31932773
01/11/1937,9.655172414
01/12/1937,9.752212389
01/01/1938,10.50461144
01/02/1938,10.78830876
01/03/1938,10.62886598
01/04/1938,10.94834352
01/05/1938,11.9282821
01/06/1938,13.25974026
01/07/1938,17
01/08/1938,18.37313433
01/09/1938,18.9516129
01/10/1938,20.84041445
01/11/1938,20.63685297
01/12/1938,19.828125
01/01/1939,18.84423057
01/02/1939,18.05824366
01/03/1939,17.45070423
01/04/1939,14.90366289
01/05/1939,15.10763009
01/06/1939,15.03947368
01/07/1939,15.07724675
01/08/1939,14.5462246
01/09/1939,15.7654321
01/10/1939,15.35714286
01/11/1939,14.56321839
01/12/1939,13.74444444
01/01/1940,13.22580645
01/02/1940,12.72916667
01/03/1940,12.27272727
01/04/1940,12.18870136
01/05/1940,10.33879589
01/06/1940,9.298076923
01/07/1940,9.484207229
01/08/1940,9.562470117
01/09/1940,9.842592593
01/10/1940,10.02803738
01/11/1940,10.35849057
01/12/1940,10.02857143
01/01/1941,10.01585448
01/02/1941,9.359591926
01/03/1941,9.386792453
01/04/1941,9.009345794
01/05/1941,8.731481481
01/06/1941,8.95412844
01/07/1941,9.13355826
01/08/1941,8.827063899
01/09/1941,8.605042017
01/10/1941,8.330508475
01/11/1941,8.008547009
01/12/1941,7.551724138
01/01/1942,7.973214286
01/02/1942,8.009259259
01/03/1942,7.865384615
01/04/1942,7.68627451
01/05/1942,7.93
01/06/1942,8.5
01/07/1942,8.937927952
01/08/1942,9.010492661
01/09/1942,9.234042553
01/10/1942,9.608247423
01/11/1942,9.47
01/12/1942,9.242718447
01/01/1943,9.670957415
01/02/1943,10.11668733
01/03/1943,10.34579439
01/04/1943,10.59259259
01/05/1943,10.90825688
01/06/1943,11
01/07/1943,11.29576615
01/08/1943,10.80364784
01/09/1943,11.10185185
01/10/1943,11.49681128
01/11/1943,11.48310423
01/12/1943,12.21276596
01/01/1944,12.65124105
01/02/1944,12.61071879
01/03/1944,13.01075269
01/04/1944,12.83093064
01/05/1944,13.10469787
01/06/1944,13.77173913
01/07/1944,14.23358184
01/08/1944,14.12867128
01/09/1944,14
01/10/1944,14.18681319
01/11/1944,13.93478261
01/12/1944,14.08602151
01/01/1945,14.35106383
01/02/1945,14.67368421
01/03/1945,14.51041667
01/04/1945,14.6712379
01/05/1945,15.0202652
01/06/1945,15.09
01/07/1945,14.82942648
01/08/1945,14.92953521
01/09/1945,16
01/10/1945,16.83673469
01/11/1945,17.56701031
01/12/1945,18.05208333
01/01/1946,19.17021277
01/02/1946,19.64130435
01/03/1946,19.47777778
01/04/1946,21.20454545
01/05/1946,21.74418605
01/06/1946,22.11904762
01/07/1946,21.07003071
01/08/1946,20.26718331
01/09/1946,16.95505618
01/10/1946,15.58098043
01/11/1946,14.64124466
01/12/1946,14.27358491
01/01/1947,13.46017699
01/02/1947,13.16666667
01/03/1947,11.93700787
01/04/1947,11.00499747
01/05/1947,10.36629004
01/06/1947,10.30555556
01/07/1947,10.67943413
01/08/1947,10.21588153
01/09/1947,9.716129032
01/10/1947,9.840764331
01/11/1947,9.603773585
01/12/1947,9.335403727
01/01/1948,9.024359076
01/02/1948,8.409526025
01/03/1948,8.362573099
01/04/1948,8.75
01/05/1948,8.922651934
01/06/1948,9.043010753
01/07/1948,8.507772021
01/08/1948,7.97
01/09/1948,7.61352657
01/10/1948,7.553666491
01/11/1948,6.897733988
01/12/1948,6.633187773
01/01/1949,6.620689655
01/02/1949,6.285106383
01/03/1949,6.264705882
01/04/1949,6.238818102
01/05/1949,6.175496066
01/06/1949,5.820833333
01/07/1949,6.158544981
01/08/1949,6.388588285
01/09/1949,6.481171548
01/10/1949,6.714075051
01/11/1949,6.87483197
01/12/1949,7.129310345
01/01/1950,7.223955458
01/02/1950,7.31304152
01/03/1950,7.320675105
01/04/1950,7.351638253
01/05/1950,7.425513323
01/06/1950,7.377952756
01/07/1950,6.684615385
01/08/1950,6.928571429
01/09/1950,7.014705882
01/10/1950,7.199275362
01/11/1950,7.082142857
01/12/1950,6.954225352
01/01/1951,7.477076995
01/02/1951,7.764715017
01/03/1951,7.643109541
01/04/1951,7.847264734
01/05/1951,7.955250356
01/06/1951,7.922794118
01/07/1951,8.275471698
01/08/1951,8.872093023
01/09/1951,9.354581673
01/10/1951,9.394089284
01/11/1951,9.219227631
01/12/1951,9.594262295
01/01/1952,9.968392901
01/02/1952,9.841173814
01/03/1952,9.920833333
01/04/1952,9.974789916
01/05/1952,10.05508475
01/06/1952,10.41880342
01/07/1952,10.68748482
01/08/1952,10.69973187
01/09/1952,10.5
01/10/1952,10.22192447
01/11/1952,10.48741552
01/12/1952,10.85
01/01/1953,10.86307054
01/02/1953,10.68595041
01/03/1953,10.69547325
01/04/1953,10.05833099
01/05/1953,10.00269799
01/06/1953,9.541832669
01/07/1953,9.626168595
01/08/1953,9.614967654
01/09/1953,9.125490196
01/10/1953,9.449396256
01/11/1953,9.709391954
01/12/1953,9.892430279
01/01/1954,10.0898416
01/02/1954,10.25754237
01/03/1954,10.41960784
01/04/1954,10.73706054
01/05/1954,11.06417065
01/06/1954,11.05343511
01/07/1954,11.48540214
01/08/1954,11.69922373
01/09/1954,11.9581749
01/10/1954,12.02240097
01/11/1954,12.2790848
01/12/1954,12.62454874
01/01/1955,12.56472066
01/02/1955,12.70079091
01/03/1955,12.33108108
01/04/1955,12.39385953
01/05/1955,12.00001277
01/06/1955,12.35403727
01/07/1955,12.96256373
01/08/1955,12.60295782
01/09/1955,12.88953488
01/10/1955,12.03142857
01/11/1955,12.62640449
01/12/1955,12.53314917
01/01/1956,12.11803487
01/02/1956,12.11726171
01/03/1956,12.8699187
01/04/1956,13.1284153
01/05/1956,12.82093664
01/06/1956,12.85277778
01/07/1956,13.72796785
01/08/1956,13.82793362
01/09/1956,13.53757225
01/10/1956,13.42886102
01/11/1956,13.35407261
01/12/1956,13.61876833
01/01/1957,13.33560339
01/02/1957,12.7727843
01/03/1957,12.95
01/04/1957,13.22405751
01/05/1957,13.70509151
01/06/1957,13.90350877
01/07/1957,14.11540823
01/08/1957,13.27414409
01/09/1957,12.67435159
01/10/1957,11.99998836
01/11/1957,11.85603512
01/12/1957,11.96735905
01/01/1958,12.4858426
01/02/1958,12.82692971
01/03/1958,13.41082803
01/04/1958,13.79153094
01/05/1958,14.56666667
01/06/1958,15.27303754
01/07/1958,15.78262675
01/08/1958,16.46718473
01/09/1958,17
01/10/1958,17.67054066
01/11/1958,18.18704597
01/12/1958,18.50865052
01/01/1959,18.76942494
01/02/1959,18.03620413
01/03/1959,18.05787781
01/04/1959,17.8066343
01/05/1959,17.54593092
01/06/1959,16.9
01/07/1959,17.51906158
01/08/1959,17.36842105
01/09/1959,16.63265306
01/10/1959,16.68291055
01/11/1959,16.81588327
01/12/1959,17.42182891
01/01/1960,17.1179941
01/02/1960,16.45427729
01/03/1960,16.2300885
01/04/1960,16.65237385
01/05/1960,16.7164649
01/06/1960,17.56441718
01/07/1960,17.11135558
01/08/1960,17.29896194
01/09/1960,16.76146789
01/10/1960,16.43119266
01/11/1960,16.96330275
01/12/1960,17.37003058
01/01/1961,18.60436137
01/02/1961,19.73650794
01/03/1961,20.75080906
01/04/1961,21.44299674
01/05/1961,21.80327869
01/06/1961,21.65676568
01/07/1961,21.54992146
01/08/1961,22.27494225
01/09/1961,22.05245902
01/10/1961,21.95907216
01/11/1961,22.61296141
01/12/1961,22.48902821
01/01/1962,21.25230769
01/02/1962,21.21450151
01/03/1962,20.85756677
01/04/1962,19.99512242
01/05/1962,18.32878921
01/06/1962,16.03170029
01/07/1962,16.32378223
01/08/1962,16.67236467
01/09/1962,16.4305949
01/10/1962,15.704552
01/11/1962,16.57039243
01/12/1962,17.06811989
01/01/1963,17.6633644
01/02/1963,17.83226525
01/03/1963,17.70080863
01/04/1963,18.31973208
01/05/1963,18.47408387
01/06/1963,18.2578125
01/07/1963,17.80154639
01/08/1963,18.10714286
01/09/1963,18.39646465
01/10/1963,18.34924623
01/11/1963,18.155
01/12/1963,18.45024876
01/01/1964,18.7684278
01/02/1964,18.75361975
01/03/1964,18.85167464
01/04/1964,18.89834515
01/05/1964,18.85981308
01/06/1964,18.53117783
01/07/1964,19.0144562
01/08/1964,18.53806973
01/09/1964,18.65995526
01/10/1964,18.869519
01/11/1964,18.88873905
01/12/1964,18.45274725
01/01/1965,18.74892507
01/02/1965,18.70954802
01/03/1965,18.5534188
01/04/1965,18.58522436
01/05/1965,18.6517976
01/06/1965,17.57024793
01/07/1965,17.37584081
01/08/1965,17.5317686
01/09/1965,17.94779116
01/10/1965,18.0970297
01/11/1965,17.99804688
01/12/1965,17.6743738
01/01/1966,17.80916031
01/02/1966,17.52173913
01/03/1966,16.64419476
01/04/1966,17.0260223
01/05/1966,16.01107011
01/06/1966,15.76190476
01/07/1966,15.67375796
01/08/1966,14.68144095
01/09/1966,14.1215971
01/10/1966,13.96440191
01/11/1966,14.62792617
01/12/1966,14.65405405
01/01/1967,15.30814785
01/02/1967,15.93192458
01/03/1967,16.40733945
01/04/1967,16.81330869
01/05/1967,17.24208566
01/06/1967,17.15384615
01/07/1967,17.48308271
01/08/1967,17.79472693
01/09/1967,18.07735849
01/10/1967,18.01506591
01/11/1967,17.41729323
01/12/1967,17.87992495
01/01/1968,17.70930577
01/02/1968,16.79519852
01/03/1968,16.37683824
01/04/1968,17.44742702
01/05/1968,17.70867448
01/06/1968,18.04308797
01/07/1968,17.91071429
01/08/1968,17.42628774
01/09/1968,17.8975265
01/10/1968,18.23186079
01/11/1968,18.40511152
01/12/1968,18.48958333
01/01/1969,17.64705882
01/02/1969,17.5
01/03/1969,17.06185567
01/04/1969,17.38557358
01/05/1969,17.93143882
01/06/1969,16.9760274
01/07/1969,16.17130554
01/08/1969,16.03519639
01/09/1969,16.04584041
01/10/1969,16.3189159
01/11/1969,16.54039167
01/12/1969,15.76297578
01/01/1970,15.7609075
01/02/1970,15.34507042
01/03/1970,15.74600355
01/04/1970,15.3665169
01/05/1970,13.68805418
01/06/1970,13.69384058
01/07/1970,13.85121107
01/08/1970,14.39409753
01/09/1970,15.40671642
01/10/1970,15.96909525
01/11/1970,16.18692946
01/12/1970,17.55360624
01/01/1971,18.11821705
01/02/1971,18.71098266
01/03/1971,19.08045977
01/04/1971,19.60661143
01/05/1971,19.21814677
01/06/1971,18.7443609
01/07/1971,18.48163131
01/08/1971,18.0296774
01/09/1971,18.30570902
01/10/1971,17.625
01/11/1971,16.53832442
01/12/1971,17.39824561
01/01/1972,18.00696223
01/02/1972,18.22171953
01/03/1972,18.53700516
01/04/1972,18.55600828
01/05/1972,18.20280665
01/06/1972,18.09045226
01/07/1972,17.78760078
01/08/1972,18.24658534
01/09/1972,17.81758958
01/10/1972,17.5828971
01/11/1972,18.19282498
01/12/1972,18.30218069
01/01/1973,18.08553051
01/02/1973,17.11289566
01/03/1973,16.52941176
01/04/1973,15.88574935
01/05/1973,15.12699194
01/06/1973,14.49515906
01/07/1973,14.32957758
01/08/1973,13.77266087
01/09/1973,13.73211964
01/10/1973,13.99319711
01/11/1973,12.74469502
01/12/1973,11.61519608
01/01/1974,11.68273433
01/02/1974,11.26809135
01/03/1974,11.65550239
01/04/1974,10.89473256
01/05/1974,10.41060774
01/06/1974,10.27345538
01/07/1974,8.948104155
01/08/1974,8.460308435
01/09/1974,7.477497256
01/10/1974,7.68424652
01/11/1974,8.003721831
01/12/1974,7.544431946
01/01/1975,8.29889756
01/02/1975,9.317561335
01/03/1975,9.914792899
01/04/1975,10.22364834
01/05/1975,11.0915105
01/06/1975,11.6080402
01/07/1975,11.71748806
01/08/1975,10.95101748
01/09/1975,10.91108247
01/10/1975,11.3164347
01/11/1975,11.41090009
01/12/1975,11.14321608
01/01/1976,11.82181116
01/02/1976,11.93828642
01/03/1976,11.6743649
01/04/1976,11.50545295
01/05/1976,11.17820736
01/06/1976,11.00540541
01/07/1976,11.14438503
01/08/1976,10.93121693
01/09/1976,11.04712042
01/10/1976,10.5377456
01/11/1976,10.33707865
01/12/1976,10.56508577
01/01/1977,10.41471224
01/02/1977,10.0765217
01/03/1977,9.98015873
01/04/1977,9.717167159
01/05/1977,9.582116487
01/06/1977,9.528790787
01/07/1977,9.527703557
01/08/1977,9.210141992
01/09/1977,8.985060691
01/10/1977,8.703806871
01/11/1977,8.70544783
01/12/1977,8.615243343
01/01/1978,8.279816514
01/02/1978,8.155820348
01/03/1978,8.133699634
01/04/1978,8.410367131
01/05/1978,8.754617272
01/06/1978,8.696349065
01/07/1978,8.568053388
01/08/1978,9.068929098
01/09/1978,8.980121003
01/10/1978,8.508622804
01/11/1978,7.842374159
01/12/1978,7.794809408
01/01/1979,7.880157745
01/02/1979,7.569721116
01/03/1979,7.526315789
01/04/1979,7.548034628
01/05/1979,7.251350585
01/06/1979,7.274678112
01/07/1979,7.234075525
01/08/1979,7.45145109
01/09/1979,7.423103213
01/10/1979,7.105604928
01/11/1979,7.014671961
01/12/1979,7.254374159
01/01/1980,7.391707158
01/02/1980,7.612219163
01/03/1980,6.847612819
01/04/1980,6.788239869
01/05/1980,7.152961804
01/06/1980,7.670682731
01/07/1980,8.07277628
01/08/1980,8.378561737
01/09/1980,8.640710383
01/10/1980,8.857142857
01/11/1980,9.193766938
01/12/1980,9.008097166
01/01/1981,9.023066486
01/02/1981,8.758526603
01/03/1981,9.135802469
01/04/1981,9.128388337
01/05/1981,8.858724532
01/06/1981,8.814123917
01/07/1981,8.551537753
01/08/1981,8.535693822
01/09/1981,7.747216765
01/10/1981,7.830065359
01/11/1981,8.016960209
01/12/1981,8.059895833
01/01/1982,7.728952934
01/02/1982,7.636744413
01/03/1982,7.481431465
01/04/1982,7.96755431
01/05/1982,8.092718639
01/06/1982,7.741707833
01/07/1982,7.832916867
01/08/1982,7.970472198
01/09/1982,9.026548673
01/10/1982,10.01260064
01/11/1982,10.66681085
01/12/1982,11.02848101
01/01/1983,11.48272816
01/02/1983,11.75029816
01/03/1983,12.23027375
01/04/1983,12.63956014
01/05/1983,13.09311993
01/06/1983,13.21683876
01/07/1983,13.01971668
01/08/1983,12.43177451
01/09/1983,12.57142857
01/10/1983,12.38250648
01/11/1983,11.9825629
01/12/1983,11.71774768
01/01/1984,11.52354571
01/02/1984,10.59259259
01/03/1984,10.31454784
01/04/1984,10.11988467
01/05/1984,9.85730202
01/06/1984,9.450617284
01/07/1984,9.258578431
01/08/1984,10
01/09/1984,10.03019324
01/10/1984,9.935671351
01/11/1984,10.01005219
01/12/1984,9.885817308
01/01/1985,10.36438421
01/02/1985,10.98140628
01/03/1985,10.9456986
01/04/1985,11.19652821
01/05/1985,11.65091367
01/06/1985,12.10121717
01/07/1985,12.43275012
01/08/1985,12.26174894
01/09/1985,12.08798424
01/10/1985,12.39408119
01/11/1985,13.32955381
01/12/1985,14.1889117
01/01/1986,14.27983539
01/02/1986,15.0790378
01/03/1986,15.99862259
01/04/1986,16.3200373
01/05/1986,16.28353144
01/06/1986,16.6757308
01/07/1986,16.27735198
01/08/1986,16.55036377
01/09/1986,16.04713805
01/10/1986,16.12037999
01/11/1986,16.78387762
01/12/1986,17.16850829
01/01/1987,18.00949158
01/02/1987,18.86083004
01/03/1987,19.37086093
01/04/1987,19.45096246
01/05/1987,19.73823455
01/06/1987,20.90152566
01/07/1987,20.81208054
01/08/1987,21.41742523
01/09/1987,20.09457755
01/10/1987,17.07838871
01/11/1987,14.45146373
01/12/1987,13.77142857
01/01/1988,14.02316481
01/02/1988,14.1605447
01/03/1988,14.29263045
01/04/1988,13.38655329
01/05/1988,12.40596223
01/06/1988,12.49192432
01/07/1988,12.21887728
01/08/1988,11.7845795
01/09/1988,11.79058513
01/10/1988,12.02255421
01/11/1988,11.57293726
01/12/1988,11.64210526
01/01/1989,11.81291391
01/02/1989,11.97068404
01/03/1989,11.72676282
01/04/1989,12.06945426
01/05/1989,12.48940648
01/06/1989,12.83505155
01/07/1989,13.43180898
01/08/1989,14.32231405
01/09/1989,14.66019417
01/10/1989,14.82923331
01/11/1989,14.68702646
01/12/1989,15.24267599
01/01/1990,15.11649622
01/02/1990,14.96603261
01/03/1990,15.61882787
01/04/1990,15.70497787
01/05/1990,16.36934667
01/06/1990,16.95155221
01/07/1990,16.80812325
01/08/1990,15.32669138
01/09/1990,14.50827967
01/10/1990,14.21410951
01/11/1990,14.68288526
01/12/1990,15.40534208
01/01/1991,15.36540577
01/02/1991,17.22857129
01/03/1991,17.77841452
01/04/1991,18.64530798
01/05/1991,19.03589217
01/06/1991,19.48943843
01/07/1991,20.18205945
01/08/1991,21.24386252
01/09/1991,21.72839506
01/10/1991,22.48870856
01/11/1991,23.26683427
01/12/1991,24.32748904
01/01/1992,25.9293188
01/02/1992,25.58781391
01/03/1992,25.16121062
01/04/1992,24.71653128
01/05/1992,24.74010986
01/06/1992,23.94545455
01/07/1992,23.88089758
01/08/1992,23.5985319
01/09/1992,23.19733925
01/10/1992,22.43066884
01/11/1992,22.56350053
01/12/1992,22.82032478
01/01/1993,22.5041365
01/02/1993,22.54721797
01/03/1993,22.68951613
01/04/1993,22.52567361
01/05/1993,22.83333333
01/06/1993,23.17951371
01/07/1993,22.71660741
01/08/1993,22.64987531
01/09/1993,22.50073493
01/10/1993,22.19617225
01/11/1993,21.64048621
01/12/1993,21.28597533
01/01/1994,21.34749308
01/02/1994,21.02142797
01/03/1994,20.4231616
01/04/1994,18.99872557
01/05/1994,18.50225687
01/06/1994,18.04880952
01/07/1994,17.42184485
01/08/1994,17.43951916
01/09/1994,17.0859861
01/10/1994,16.31984518
01/11/1994,15.62216198
01/12/1994,14.8754902
01/01/1995,14.888
01/02/1995,15.10721003
01/03/1995,15.15053763
01/04/1995,15.30923811
01/05/1995,15.49582437
01/06/1995,15.66511763
01/07/1995,16.07179931
01/08/1995,16.0065846
01/09/1995,16.45167709
01/10/1995,16.76343631
01/11/1995,17.32869318
01/12/1995,18.09687868
01/01/1996,18.07824826
01/02/1996,19.09664749
01/03/1996,19.00910693
01/04/1996,18.85144189
01/05/1996,19.09965338
01/06/1996,19.14924091
01/07/1996,18.25942001
01/08/1996,18.59543673
01/09/1996,18.74666667
01/10/1996,19.0046058
01/11/1996,19.45187731
01/12/1996,19.19054996
01/01/1997,19.52983817
01/02/1997,20.09200563
01/03/1997,19.68588469
01/04/1997,18.93573406
01/05/1997,20.59723043
01/06/1997,21.61011097
01/07/1997,22.80162642
01/08/1997,22.8327998
01/09/1997,23.05659449
01/10/1997,23.58249883
01/11/1997,23.45734222
01/12/1997,24.22885196
01/01/1998,24.29046899
01/02/1998,25.8520202
01/03/1998,27.23394031
01/04/1998,28.26429479
01/05/1998,28.30490296
01/06/1998,28.44213498
01/07/1998,29.90379221
01/08/1998,27.99707164
01/09/1998,26.79548438
01/10/1998,27.19652928
01/11/1998,30.24655956
01/12/1998,31.55794219
01/01/1999,32.92012303
01/02/1999,32.67004455
01/03/1999,33.39395518
01/04/1999,33.9979623
01/05/1999,33.1856004
01/06/1999,32.24158947
01/07/1999,32.88071429
01/08/1999,30.88622615
01/09/1999,29.98566879
01/10/1999,28.6577265
01/11/1999,29.74340699
01/12/1999,29.65912394
01/01/2000,29.03639079
01/02/2000,27.76444326
01/03/2000,28.3063788
01/04/2000,28.50136523
01/05/2000,27.49169843
01/06/2000,28.15793529
01/07/2000,28.05001904
01/08/2000,27.97125282
01/09/2000,27.33798883
01/10/2000,26.4956798
01/11/2000,26.89733247
01/12/2000,26.6186
01/01/2001,27.55012376
01/02/2001,27.80557922
01/03/2001,26.09705106
01/04/2001,27.95895669
01/05/2001,32.02075281
01/06/2001,33.66974721
01/07/2001,35.46324468
01/08/2001,37.84926667
01/09/2001,36.90003532
01/10/2001,39.72168245
01/11/2001,43.62260265
01/12/2001,46.37221547
01/01/2002,46.17481102
01/02/2002,44.56755298
01/03/2002,46.71214575
01/04/2002,43.81126872
01/05/2002,41.41404451
01/06/2002,37.92146597
01/07/2002,32.45653736
01/08/2002,31.532481
01/09/2002,28.88848202
01/10/2002,29.24478157
01/11/2002,32.03226942
01/12/2002,32.59079377
01/01/2003,31.43298246
01/02/2003,28.46072764
01/03/2003,27.92315303
01/04/2003,28.05011031
01/05/2003,28.24260712
01/06/2003,28.59623734
01/07/2003,27.65248886
01/08/2003,26.57407573
01/09/2003,26.42405391
01/10/2003,24.75131056
01/11/2003,23.14934588
01/12/2003,22.17152236
01/01/2004,22.72919454
01/02/2004,22.45698573
01/03/2004,21.615
01/04/2004,21.23059632
01/05/2004,20.13597079
01/06/2004,20.17382012
01/07/2004,19.50696772
01/08/2004,19.02743316
01/09/2004,19.34671975
01/10/2004,19.2522833
01/11/2004,20.05386859
01/12/2004,20.48181042
01/01/2005,19.98776224
01/02/2005,20.106654
01/03/2005,19.8422451
01/04/2005,19.01627654
01/05/2005,18.92920638
01/06/2005,19.00490041
01/07/2005,18.99953365
01/08/2005,18.71972477
01/09/2005,18.44320746
01/10/2005,17.63515313
01/11/2005,18.00858681
01/12/2005,18.07346413
01/01/2006,18.06711251
01/02/2006,17.79964679
01/03/2006,17.80294482
01/04/2006,17.77059546
01/05/2006,17.46009474
01/06/2006,16.82333199
01/07/2006,16.61489782
01/08/2006,16.67076804
01/09/2006,16.7715413
01/10/2006,17.13865493
01/11/2006,17.24376009
01/12/2006,17.37725432
01/01/2007,17.35581102
01/02/2007,17.49081958
01/03/2007,16.92062538
01/04/2007,17.47838548
01/05/2007,17.9193644
01/06/2007,17.83078191
01/07/2007,18.36310578
01/08/2007,18.02354205
01/09/2007,19.04732824
01/10/2007,20.67767929
01/11/2007,20.810438
01/12/2007,22.3514657
01/01/2008,21.45929961
01/02/2008,21.74053273
01/03/2008,21.80725286
01/04/2008,23.88271856
01/05/2008,25.80555385
01/06/2008,26.10959704
01/07/2008,25.3681485
01/08/2008,26.8333217
01/09/2008,26.48422198
01/10/2008,27.21858026
01/11/2008,34.99035794
01/12/2008,58.97580645
01/01/2009,70.91043146
01/02/2009,84.46468531
01/03/2009,110.3688047
01/04/2009,119.8516251
01/05/2009,123.7308044
01/06/2009,123.3182423
01/07/2009,101.8671988
01/08/2009,92.94845044
01/09/2009,83.29744817
01/10/2009,42.11676529
01/11/2009,28.51336478
01/12/2009,21.78497155
01/01/2010,20.69589243
01/02/2010,18.90574553
01/03/2010,18.90776301
01/04/2010,19.00910246
01/05/2010,17.297084
01/06/2010,16.14545455
01/07/2010,15.72066388
01/08/2010,15.47215634
01/09/2010,15.61480657
01/10/2010,15.8987651
01/11/2010,15.87513242
01/12/2010,16.05080802
01/01/2011,16.30380069
01/02/2011,16.51606451
01/03/2011,16.04341409
01/04/2011,16.20564729
01/05/2011,16.12097972
01/06/2011,15.34863479
01/07/2011,15.60760835
01/08/2011,13.79176201
01/09/2011,13.49597609
01/10/2011,13.88087846
01/11/2011,14.10326587
01/12/2011,14.29925244
01/01/2012,14.86716964
01/02/2012,15.36745824
01/03/2012,15.69053535
01/04/2012,15.69543396
01/05/2012,15.21979726
01/06/2012,15.05323021
01/07/2012,15.54982084
01/08/2012,16.13655527
01/09/2012,16.68693642
01/10/2012,16.62155601
01/11/2012,16.12026048
01/12/2012,16.44075829
01/01/2013,17.03436637
01/02/2013,17.32247719
01/03/2013,17.68335234
01/04/2013,17.69138352
01/05/2013,18.24747774
01/06/2013,17.79846069
01/07/2013,18.1200999
01/08/2013,17.9136544
01/09/2013,17.87824521
01/10/2013,17.85869039
01/11/2013,18.1518472
01/12/2013,18.04171657
01/01/2014,18.1479834
01/02/2014,18.05604505
01/03/2014,18.47813585
01/04/2014,18.34781182
01/05/2014,18.46139568
01/06/2014,18.88178821
01/07/2014,18.95996156
01/08/2014,18.67886618
01/09/2014,18.81115515
01/10/2014,18.49540146
01/11/2014,19.74921115
01/12/2014,20.07887792
01/01/2015,20.02349689
01/02/2015,20.76593198
01/03/2015,20.95707809
01/04/2015,21.41910637
01/05/2015,21.91794375
01/06/2015,22.11874407
01/07/2015,22.39881631
01/08/2015,22.1540383
01/09/2015,21.44727553
01/10/2015,22.67847676
01/11/2015,23.66851206
01/12/2015,23.73835664
01/01/2016,22.18034682
01/02/2016,22.02405459
01/03/2016,23.39136974
01/04/2016,23.9669746
01/05/2016,23.80763024
01/06/2016,23.97480442
01/07/2016,24.51869319
01/08/2016,24.56752169
01/09/2016,24.21921652
01/10/2016,23.57298427
01/11/2016,23.34724469
01/12/2016,23.76129032
01/01/2017,23.58533467
01/02/2017,23.68356318
01/03/2017,23.59976069
01/04/2017,23.23680236
01/05/2017,23.30636007
01/06/2017,23.39925014
01/07/2017,23.36348058
01/08/2017,23.15877805
01/09/2017,23.28016436
01/10/2017,23.67300333
01/11/2017,23.80623547
01/12/2017,24.24772479
01/01/2018,24.96837709
01/02/2018,23.81582345
01/03/2018,23.41276854
01/04/2018,22.52912044
01/05/2018,22.48743063
01/06/2018,22.48816133
01/07/2018,22.32828027
01/08/2018,22.36982727
01/09/2018,22.25247335
01/10/2018,21.25385965
01/11/2018,20.67386188
01/12/2018,19.39202357
01/01/2019,19.59608688
01/02/2019,20.60119151
01/03/2019,20.86449885
01/04/2019,21.56020295
01/05/2019,21.1496555
01/06/2019,21.3659348
01/07/2019,22.27925072
01/08/2019,21.67326039
01/09/2019,22.43909707
01/10/2019,22.04219409
01/11/2019,22.61731133
01/12/2019,22.77729636
01/01/2020,24.88073613
01/02/2020,26.42072026
01/03/2020,22.80059861
01/04/2020,24.9658794
01/05/2020,27.82440675
01/06/2020,31.28752302
01/07/2020,32.43513979
01/08/2020,34.41380593
01/09/2020,34.26508518
01/10/2020,35.2965003
01/11/2020,37.16481953
01/12/2020,39.2575162
01/01/2021,35.96424592
01/02/2021,33.23623175
01/03/2021,30.50318456
01/04/2021,29.9246762
01/05/2021,28.05247353
01/06/2021,26.69746501
01/07/2021,26.55672699
01/08/2021,26.22075093
01/09/2021,25.3408387
01/10/2021,24.38744269
01/11/2021,24.51487298
01/12/2021,23.62547494
01/01/2022,23.11369746
01/02/2022,22.41564045
01/03/2022,22.1881927
01/04/2022,22.4015236
01/05/2022,20.81122195
01/06/2022,20.279552
01/07/2022,20.52503454
01/08/2022,22.0138501
01/09/2022,20.56572385
01/10/2022,20.42753761
01/11/2022,22.06082953
01/12/2022,22.64764661
01/01/2023,22.82053796
01/02/2023,23.39760693
01/03/2023,22.65547257
01/04/2023,23.26978847
01/05/2023,23.1547861
01/06/2023,24.00625853
01/07/2023,24.75740293
01/08/2023,24.33454548
01/09/2023,23.92995929
01/10/2023,22.83387005
01/11/2023,23.51072728
01/12/2023,24.34678325
01/01/2024,25.0704412
01/02/2024,26.13981763
01/03/2024,27.01589686
01/04/2024,26.46491732
01/05/2024,26.85144101
01/06/2024,27.52155177
01/07/2024,27.97961171
01/08/2024,27.51488973
01/09/2024,28.06841015
01/10/2024,28.45369929
01/11/2024,28.66493933
01/12/2024,28.60022159
01/01/2025,28.15965732
01/02/2025,28.15021366
01/03/2025,26.23094436
01/04/2025,24.55899002
01/05/2025,26.34342058
01/06/2025,27.09725206
01/07/2025,27.76601042
01/08/2025,27.74316923
01/09/2025,27.98732453
01/10/2025,27.92536756
01/11/2025,27.27373645
01/12/2025,27.07528527
01/01/2026,26.53751468
01/02/2026,25.61769202
01/03/2026,24.01450412
01/04/2026,25.10648726
01/05/2026,26.19711296
